{
  "summary": {
    "n_queries": 30,
    "mrr@10": 0.6666666666666666,
    "coverage@10": 0.9,
    "avg_rank@10": 1.6296,
    "top1_acc": 0.43333333333333335,
    "p@1": 0.43333333333333335,
    "r@1": 0.2833333333333333,
    "ndcg@1": 0.43333333333333335,
    "top3_acc": 0.9,
    "p@3": 0.3444444444444444,
    "r@3": 0.711111111111111,
    "ndcg@3": 0.6034227435660696,
    "top5_acc": 0.9,
    "p@5": 0.20666666666666667,
    "r@5": 0.711111111111111,
    "ndcg@5": 0.6034227435660696,
    "top10_acc": 0.9,
    "p@10": 0.10333333333333333,
    "r@10": 0.711111111111111,
    "ndcg@10": 0.6034227435660696
  },
  "per_query": [
    {
      "id": "r001",
      "gold": [
        "1",
        "2(a)"
      ],
      "preds": [
        "2(a)",
        "2(i)"
      ],
      "mrr@10": 1.0,
      "top1_acc": 1.0,
      "p@1": 1.0,
      "r@1": 0.5,
      "ndcg@1": 1.0,
      "top3_acc": 1.0,
      "p@3": 0.3333333333333333,
      "r@3": 0.5,
      "ndcg@3": 0.6131471927654584,
      "top5_acc": 1.0,
      "p@5": 0.2,
      "r@5": 0.5,
      "ndcg@5": 0.6131471927654584,
      "top10_acc": 1.0,
      "p@10": 0.1,
      "r@10": 0.5,
      "ndcg@10": 0.6131471927654584,
      "avg_rank@10": 1.0,
      "coverage@10": 1.0
    },
    {
      "id": "r002",
      "gold": [
        "2(b)"
      ],
      "preds": [
        "2(i)",
        "2(b)"
      ],
      "mrr@10": 0.5,
      "top1_acc": 0.0,
      "p@1": 0.0,
      "r@1": 0.0,
      "ndcg@1": 0.0,
      "top3_acc": 1.0,
      "p@3": 0.3333333333333333,
      "r@3": 1.0,
      "ndcg@3": 0.6309297535714575,
      "top5_acc": 1.0,
      "p@5": 0.2,
      "r@5": 1.0,
      "ndcg@5": 0.6309297535714575,
      "top10_acc": 1.0,
      "p@10": 0.1,
      "r@10": 1.0,
      "ndcg@10": 0.6309297535714575,
      "avg_rank@10": 2.0,
      "coverage@10": 1.0
    },
    {
      "id": "r003",
      "gold": [
        "2(c)"
      ],
      "preds": [
        "2(i)",
        "2(c)"
      ],
      "mrr@10": 0.5,
      "top1_acc": 0.0,
      "p@1": 0.0,
      "r@1": 0.0,
      "ndcg@1": 0.0,
      "top3_acc": 1.0,
      "p@3": 0.3333333333333333,
      "r@3": 1.0,
      "ndcg@3": 0.6309297535714575,
      "top5_acc": 1.0,
      "p@5": 0.2,
      "r@5": 1.0,
      "ndcg@5": 0.6309297535714575,
      "top10_acc": 1.0,
      "p@10": 0.1,
      "r@10": 1.0,
      "ndcg@10": 0.6309297535714575,
      "avg_rank@10": 2.0,
      "coverage@10": 1.0
    },
    {
      "id": "r004",
      "gold": [
        "2(d)"
      ],
      "preds": [
        "2(i)",
        "2(d)"
      ],
      "mrr@10": 0.5,
      "top1_acc": 0.0,
      "p@1": 0.0,
      "r@1": 0.0,
      "ndcg@1": 0.0,
      "top3_acc": 1.0,
      "p@3": 0.3333333333333333,
      "r@3": 1.0,
      "ndcg@3": 0.6309297535714575,
      "top5_acc": 1.0,
      "p@5": 0.2,
      "r@5": 1.0,
      "ndcg@5": 0.6309297535714575,
      "top10_acc": 1.0,
      "p@10": 0.1,
      "r@10": 1.0,
      "ndcg@10": 0.6309297535714575,
      "avg_rank@10": 2.0,
      "coverage@10": 1.0
    },
    {
      "id": "r005",
      "gold": [
        "2(l)",
        "2(z)"
      ],
      "preds": [
        "2(i)",
        "2(l)"
      ],
      "mrr@10": 0.5,
      "top1_acc": 0.0,
      "p@1": 0.0,
      "r@1": 0.0,
      "ndcg@1": 0.0,
      "top3_acc": 1.0,
      "p@3": 0.3333333333333333,
      "r@3": 0.5,
      "ndcg@3": 0.38685280723454163,
      "top5_acc": 1.0,
      "p@5": 0.2,
      "r@5": 0.5,
      "ndcg@5": 0.38685280723454163,
      "top10_acc": 1.0,
      "p@10": 0.1,
      "r@10": 0.5,
      "ndcg@10": 0.38685280723454163,
      "avg_rank@10": 2.0,
      "coverage@10": 1.0
    },
    {
      "id": "r006",
      "gold": [
        "2(j)",
        "2(k)"
      ],
      "preds": [
        "2(i)",
        "2(j)"
      ],
      "mrr@10": 0.5,
      "top1_acc": 0.0,
      "p@1": 0.0,
      "r@1": 0.0,
      "ndcg@1": 0.0,
      "top3_acc": 1.0,
      "p@3": 0.3333333333333333,
      "r@3": 0.5,
      "ndcg@3": 0.38685280723454163,
      "top5_acc": 1.0,
      "p@5": 0.2,
      "r@5": 0.5,
      "ndcg@5": 0.38685280723454163,
      "top10_acc": 1.0,
      "p@10": 0.1,
      "r@10": 0.5,
      "ndcg@10": 0.38685280723454163,
      "avg_rank@10": 2.0,
      "coverage@10": 1.0
    },
    {
      "id": "r007",
      "gold": [
        "2(f)"
      ],
      "preds": [
        "2(i)",
        "2(f)"
      ],
      "mrr@10": 0.5,
      "top1_acc": 0.0,
      "p@1": 0.0,
      "r@1": 0.0,
      "ndcg@1": 0.0,
      "top3_acc": 1.0,
      "p@3": 0.3333333333333333,
      "r@3": 1.0,
      "ndcg@3": 0.6309297535714575,
      "top5_acc": 1.0,
      "p@5": 0.2,
      "r@5": 1.0,
      "ndcg@5": 0.6309297535714575,
      "top10_acc": 1.0,
      "p@10": 0.1,
      "r@10": 1.0,
      "ndcg@10": 0.6309297535714575,
      "avg_rank@10": 2.0,
      "coverage@10": 1.0
    },
    {
      "id": "r008",
      "gold": [
        "2(g)",
        "2(i)"
      ],
      "preds": [
        "2(i)"
      ],
      "mrr@10": 1.0,
      "top1_acc": 1.0,
      "p@1": 1.0,
      "r@1": 0.5,
      "ndcg@1": 1.0,
      "top3_acc": 1.0,
      "p@3": 0.3333333333333333,
      "r@3": 0.5,
      "ndcg@3": 0.6131471927654584,
      "top5_acc": 1.0,
      "p@5": 0.2,
      "r@5": 0.5,
      "ndcg@5": 0.6131471927654584,
      "top10_acc": 1.0,
      "p@10": 0.1,
      "r@10": 0.5,
      "ndcg@10": 0.6131471927654584,
      "avg_rank@10": 1.0,
      "coverage@10": 1.0
    },
    {
      "id": "r009",
      "gold": [
        "2(m)",
        "2(n)",
        "2(o)"
      ],
      "preds": [
        "2(i)",
        "2(m)"
      ],
      "mrr@10": 0.5,
      "top1_acc": 0.0,
      "p@1": 0.0,
      "r@1": 0.0,
      "ndcg@1": 0.0,
      "top3_acc": 1.0,
      "p@3": 0.3333333333333333,
      "r@3": 0.3333333333333333,
      "ndcg@3": 0.2960819109658652,
      "top5_acc": 1.0,
      "p@5": 0.2,
      "r@5": 0.3333333333333333,
      "ndcg@5": 0.2960819109658652,
      "top10_acc": 1.0,
      "p@10": 0.1,
      "r@10": 0.3333333333333333,
      "ndcg@10": 0.2960819109658652,
      "avg_rank@10": 2.0,
      "coverage@10": 1.0
    },
    {
      "id": "r010",
      "gold": [
        "2(p)"
      ],
      "preds": [
        "2(i)"
      ],
      "mrr@10": 0.0,
      "top1_acc": 0.0,
      "p@1": 0.0,
      "r@1": 0.0,
      "ndcg@1": 0.0,
      "top3_acc": 0.0,
      "p@3": 0.0,
      "r@3": 0.0,
      "ndcg@3": 0.0,
      "top5_acc": 0.0,
      "p@5": 0.0,
      "r@5": 0.0,
      "ndcg@5": 0.0,
      "top10_acc": 0.0,
      "p@10": 0.0,
      "r@10": 0.0,
      "ndcg@10": 0.0,
      "avg_rank@10": null,
      "coverage@10": 0.0
    },
    {
      "id": "r011",
      "gold": [
        "2(w)"
      ],
      "preds": [
        "2(i)",
        "2(w)"
      ],
      "mrr@10": 0.5,
      "top1_acc": 0.0,
      "p@1": 0.0,
      "r@1": 0.0,
      "ndcg@1": 0.0,
      "top3_acc": 1.0,
      "p@3": 0.3333333333333333,
      "r@3": 1.0,
      "ndcg@3": 0.6309297535714575,
      "top5_acc": 1.0,
      "p@5": 0.2,
      "r@5": 1.0,
      "ndcg@5": 0.6309297535714575,
      "top10_acc": 1.0,
      "p@10": 0.1,
      "r@10": 1.0,
      "ndcg@10": 0.6309297535714575,
      "avg_rank@10": 2.0,
      "coverage@10": 1.0
    },
    {
      "id": "r012",
      "gold": [
        "5(a)",
        "5(b)"
      ],
      "preds": [
        "5(b)",
        "2(i)"
      ],
      "mrr@10": 1.0,
      "top1_acc": 1.0,
      "p@1": 1.0,
      "r@1": 0.5,
      "ndcg@1": 1.0,
      "top3_acc": 1.0,
      "p@3": 0.3333333333333333,
      "r@3": 0.5,
      "ndcg@3": 0.6131471927654584,
      "top5_acc": 1.0,
      "p@5": 0.2,
      "r@5": 0.5,
      "ndcg@5": 0.6131471927654584,
      "top10_acc": 1.0,
      "p@10": 0.1,
      "r@10": 0.5,
      "ndcg@10": 0.6131471927654584,
      "avg_rank@10": 1.0,
      "coverage@10": 1.0
    },
    {
      "id": "r013",
      "gold": [
        "5(c)"
      ],
      "preds": [
        "5(c)",
        "2(i)"
      ],
      "mrr@10": 1.0,
      "top1_acc": 1.0,
      "p@1": 1.0,
      "r@1": 1.0,
      "ndcg@1": 1.0,
      "top3_acc": 1.0,