{
  "summary": {
    "n_queries": 30,
    "mrr@10": 0.2253174603174603,
    "coverage@10": 0.43333333333333335,
    "avg_rank@10": 3.4615,
    "top1_acc": 0.16666666666666666,
    "p@1": 0.16666666666666666,
    "r@1": 0.11666666666666667,
    "ndcg@1": 0.16666666666666666,
    "top3_acc": 0.23333333333333334,
    "p@3": 0.07777777777777777,
    "r@3": 0.18333333333333332,
    "ndcg@3": 0.16131471927654584,
    "top5_acc": 0.3,
    "p@5": 0.060000000000000005,
    "r@5": 0.21666666666666667,
    "ndcg@5": 0.17802358045460875,
    "top10_acc": 0.43333333333333335,
    "p@10": 0.043333333333333335,
    "r@10": 0.2833333333333333,
    "ndcg@10": 0.20667707072270802
  },
  "per_query": [
    {
      "id": "r001",
      "gold": [
        "1",
        "2(a)"
      ],
      "preds": [
        "5",
        "2027",
        "200",
        "18",
        "1",
        "2(i)",
        "3"
      ],
      "mrr@10": 0.2,
      "top1_acc": 0.0,
      "p@1": 0.0,
      "r@1": 0.0,
      "ndcg@1": 0.0,
      "top3_acc": 0.0,
      "p@3": 0.0,
      "r@3": 0.0,
      "ndcg@3": 0.0,
      "top5_acc": 1.0,
      "p@5": 0.2,
      "r@5": 0.5,
      "ndcg@5": 0.23719771276929622,
      "top10_acc": 1.0,
      "p@10": 0.1,
      "r@10": 0.5,
      "ndcg@10": 0.23719771276929622,
      "avg_rank@10": 5.0,
      "coverage@10": 1.0
    },
    {
      "id": "r002",
      "gold": [
        "2(b)"
      ],
      "preds": [
        "200",
        "1",
        "5",
        "18",
        "2(i)",
        "2027",
        "3"
      ],
      "mrr@10": 0.0,
      "top1_acc": 0.0,
      "p@1": 0.0,
      "r@1": 0.0,
      "ndcg@1": 0.0,
      "top3_acc": 0.0,
      "p@3": 0.0,
      "r@3": 0.0,
      "ndcg@3": 0.0,
      "top5_acc": 0.0,
      "p@5": 0.0,
      "r@5": 0.0,
      "ndcg@5": 0.0,
      "top10_acc": 0.0,
      "p@10": 0.0,
      "r@10": 0.0,
      "ndcg@10": 0.0,
      "avg_rank@10": null,
      "coverage@10": 0.0
    },
    {
      "id": "r003",
      "gold": [
        "2(c)"
      ],
      "preds": [
        "200",
        "5",
        "3",
        "2027",
        "1",
        "18",
        "2(i)"
      ],
      "mrr@10": 0.0,
      "top1_acc": 0.0,
      "p@1": 0.0,
      "r@1": 0.0,
      "ndcg@1": 0.0,
      "top3_acc": 0.0,
      "p@3": 0.0,
      "r@3": 0.0,
      "ndcg@3": 0.0,
      "top5_acc": 0.0,
      "p@5": 0.0,
      "r@5": 0.0,
      "ndcg@5": 0.0,
      "top10_acc": 0.0,
      "p@10": 0.0,
      "r@10": 0.0,
      "ndcg@10": 0.0,
      "avg_rank@10": null,
      "coverage@10": 0.0
    },
    {
      "id": "r004",
      "gold": [
        "2(d)"
      ],
      "preds": [
        "2027",
        "200",
        "5",
        "3",
        "2(i)",
        "18",
        "1"
      ],
      "mrr@10": 0.0,
      "top1_acc": 0.0,
      "p@1": 0.0,
      "r@1": 0.0,
      "ndcg@1": 0.0,
      "top3_acc": 0.0,
      "p@3": 0.0,
      "r@3": 0.0,
      "ndcg@3": 0.0,
      "top5_acc": 0.0,
      "p@5": 0.0,
      "r@5": 0.0,
      "ndcg@5": 0.0,
      "top10_acc": 0.0,
      "p@10": 0.0,
      "r@10": 0.0,
      "ndcg@10": 0.0,
      "avg_rank@10": null,
      "coverage@10": 0.0
    },
    {
      "id": "r005",
      "gold": [
        "2(l)",
        "2(z)"
      ],
      "preds": [
        "200",
        "18",
        "2027",
        "3",
        "1",
        "5",
        "2(i)"
      ],
      "mrr@10": 0.0,
      "top1_acc": 0.0,
      "p@1": 0.0,
      "r@1": 0.0,
      "ndcg@1": 0.0,
      "top3_acc": 0.0,
      "p@3": 0.0,
      "r@3": 0.0,
      "ndcg@3": 0.0,
      "top5_acc": 0.0,
      "p@5": 0.0,
      "r@5": 0.0,
      "ndcg@5": 0.0,
      "top10_acc": 0.0,
      "p@10": 0.0,
      "r@10": 0.0,
      "ndcg@10": 0.0,
      "avg_rank@10": null,
      "coverage@10": 0.0
    },
    {
      "id": "r006",
      "gold": [
        "2(j)",
        "2(k)"
      ],
      "preds": [
        "200",
        "2027",
        "5",
        "1",
        "3",
        "18",
        "2(i)"
      ],
      "mrr@10": 0.0,
      "top1_acc": 0.0,
      "p@1": 0.0,
      "r@1": 0.0,
      "ndcg@1": 0.0,
      "top3_acc": 0.0,
      "p@3": 0.0,
      "r@3": 0.0,
      "ndcg@3": 0.0,
      "top5_acc": 0.0,
      "p@5": 0.0,
      "r@5": 0.0,
      "ndcg@5": 0.0,
      "top10_acc": 0.0,
      "p@10": 0.0,
      "r@10": 0.0,
      "ndcg@10": 0.0,
      "avg_rank@10": null,
      "coverage@10": 0.0
    },
    {
      "id": "r007",
      "gold": [
        "2(f)"
      ],
      "preds": [
        "200",
        "3",
        "2027",
        "5",
        "2(i)",
        "18",
        "1"
      ],
      "mrr@10": 0.0,
      "top1_acc": 0.0,
      "p@1": 0.0,
      "r@1": 0.0,
      "ndcg@1": 0.0,
      "top3_acc": 0.0,
      "p@3": 0.0,
      "r@3": 0.0,
      "ndcg@3": 0.0,
      "top5_acc": 0.0,
      "p@5": 0.0,
      "r@5": 0.0,
      "ndcg@5": 0.0,
      "top10_acc": 0.0,
      "p@10": 0.0,
      "r@10": 0.0,
      "ndcg@10": 0.0,
      "avg_rank@10": null,
      "coverage@10": 0.0
    },
    {
      "id": "r008",
      "gold": [
        "2(g)",
        "2(i)"
      ],
      "preds": [
        "200",
        "2027",
        "5",
        "3",
        "1",
        "18",
        "2(i)"
      ],
      "mrr@10": 0.14285714285714285,
      "top1_acc": 0.0,
      "p@1": 0.0,
      "r@1": 0.0,
      "ndcg@1": 0.0,
      "top3_acc": 0.0,
      "p@3": 0.0,
      "r@3": 0.0,
      "ndcg@3": 0.0,
      "top5_acc": 0.0,
      "p@5": 0.0,
      "r@5": 0.0,
      "ndcg@5": 0.0,
      "top10_acc": 1.0,
      "p@10": 0.1,
      "r@10": 0.5,
      "ndcg@10": 0.20438239758848611,
      "avg_rank@10": 7.0,
      "coverage@10": 1.0
    },
    {
      "id": "r009",
      "gold": [
        "2(m)",
        "2(n)",
        "2(o)"
      ],
      "preds": [
        "5",
        "200",
        "2027",
        "3",
        "2(i)",
        "18",
        "1"
      ],
      "mrr@10": 0.0,
      "top1_acc": 0.0,
      "p@1": 0.0,
      "r@1": 0.0,
      "ndcg@1": 0.0,
      "top3_acc": 0.0,
      "p@3": 0.0,
      "r@3": 0.0,
      "ndcg@3": 0.0,
      "top5_acc": 0.0,
      "p@5": 0.0,
      "r@5": 0.0,
      "ndcg@5": 0.0,
      "top10_acc": 0.0,
      "p@10": 0.0,
      "r@10": 0.0,
      "ndcg@10": 0.0,
      "avg_rank@10": null,
      "coverage@10": 0.0
    },
    {
      "id": "r010",
      "gold": [
        "2(p)"
      ],
      "preds": [
        "2027",
        "5",
        "200",
        "3",
        "2(i)",
        "1",
        "18"
      ],
      "mrr@10": 0.0,
      "top1_acc": 0.0,
      "p@1": 0.0,
      "r@1": 0.0,
      "ndcg@1": 0.0,
      "top3_acc": 0.0,
      "p@3": 0.0,
      "r@3": 0.0,
      "ndcg@3": 0.0,
      "top5_acc": 0.0,
      "p@5": 0.0,
      "r@5": 0.0,
      "ndcg@5": 0.0,
      "top10_acc": 0.0,
      "p@10": 0.0,
      "r@10": 0.0,
      "ndcg@10": 0.0,
      "avg_rank@10": null,
      "coverage@10": 0.0
    },
    {
      "id": "r011",
      "gold": [
        "2(w)"
      ],
      "preds": [
        "3",
        "2027",
        "200",
        "1",
        "18",
        "5",
        "2(i)"
      ],
      "mrr@10": 0.0,
      "top1_acc": 0.0,
      "p@1": 0.0,
      "r@1": 0.0,
      "ndcg@1": 0.0,
      "top3_acc": 0.0,
      "p@3": 0.0,
      "r@3": 0.0,
      "ndcg@3": 0.0,
      "top5_acc": 0.0,
      "p@5": 0.0,
      "r@5": 0.0,
      "ndcg@5": 0.0,
      "top10_acc": 0.0,
      "p@10": 0.0,
      "r@10": 0.0,
      "ndcg@10": 0.0,
      "avg_rank@10": null,
      "coverage@10": 0.0
    },
    {
      "id": "r012",
      "gold": [
        "5(a)",
        "5(b)"
      ],
      "preds": [
        "5(b)",
        "200",
        "2027",
        "2(i)",
        "3",
        "18",
        "1"
      ],
      "mrr@10": 1.0,
      "top1_acc": 1.0,
      "p@1": 1.0,
      "r@1": 0.5,
      "ndcg@1": 1.0,
      "top3_acc": 1.0,
      "p@3": 0.3333333333333333,
      "r@3": 0.5,
      "ndcg@3": 0.6131471927654584,
      "top5_acc": 1.0,
      "p@5": 0.2,
      "r@5": 0.5,
      "ndcg@5": 0.6131471927654584,
      "top10_acc": 1.0,
      "p@10": 0.1,
      "r@10": 0.5,